{
  "todos": [
    {
      "id": "1",
      "title": "오늘의 일기",
      "content": "오늘의 내용",
      "date": "2022-10-10"
    },
    {
      "id": "2",
      "title": "내일의 일기",
      "content": "내일의 내용",
      "date": "2022-10-11"
    },
    {
      "title": "11111",
      "date": "2022-09-28",
      "content": "dsfdsf",
      "id": "s0I6SDV"
    }
  ],
  "comments": [
    {
      "id": "1",
      "todoId": "s0I6SDV",
      "userName": "글쓴이",
      "userComment": "댓글 내용"
    },
    {
      "id": "2",
      "todoId": "s0I6SDV",
      "userName": "글쓴이",
      "userComment": "댓글 내용"
    },
    {
      "id": "3",
      "todoId": "s0I6SDV",
      "userName": "글쓴이",
      "userComment": "댓글 내용"
    },
    {
      "id": "4",
      "todoId": "s0I6SDV",
      "userName": "글쓴이",
      "userComment": "댓글 내용"
    },
    {
      "userName": "dd",
      "userComment": "dd",
      "id": "qS0IzlT"
    }
  ]
}